"14薪,住房补贴,每年多次调薪,周末双休,五险一金,年底双薪,包住,房补"
"五险一金,年终分红,全勤奖,弹性工作,节日福利,定期团建"
"周末双休,五险一金,年底双薪,通讯补助,绩效奖金,弹性工作,员工旅游,节日福利"
"五险一金,绩效奖金,餐补,加班补助,交通补助,通讯补助,采暖补贴,周末双休"
"五险一金,节日福利,周末双休,包住,带薪年假,定期体检,加班补助,交通补助"
"节日福利,五险一金,绩效奖金,通讯补助,带薪年假,补充医疗保险,定期体检,员工旅游"
"全勤奖,绩效奖金,员工旅游,五险一金,年终分红,包住,带薪年假,节日福利"
"创业公司,周末双休,五险一金,每年多次调薪,弹性工作,补充医疗保险,节日福利"
"创业公司,年底双薪,交通补助,定期体检,试用期全额"
"每年多次调薪,年终分红,绩效奖金,带薪年假,弹性工作,员工旅游,节日福利,交通补助"
"周末双休,五险一金,餐补,交通补助,每年多次调薪,健身俱乐部,弹性工作,节日福利"
"五险一金,绩效奖金,带薪年假,全勤奖"
"五险一金,餐补,补充医疗保险,通讯补助,员工旅游,带薪年假,交通补助,绩效奖金"
"五险一金,周末双休,定期体检,节日福利,员工旅游,年底双薪,带薪年假,公司重点项目"
"每年多次调薪,五险一金,绩效奖金,年终分红,全勤奖,带薪年假,员工旅游,节日福利"
"五险一金,节日福利,带薪年假,绩效奖金,每年多次调薪"
"五险一金,节日福利,绩效奖金,加班补助,带薪年假"
"全勤奖,餐补,带薪年假,节日福利,周末双休,五险一金"
"节日福利,五险一金,绩效奖金,通讯补助,带薪年假,补充医疗保险,定期体检,员工旅游"
"五险一金,年底双薪,节日福利,高温补贴,周末双休"
"五险一金,绩效奖金,年终分红,交通补助,餐补,带薪年假,周末双休,通讯补助"
"每年多次调薪,五险一金,全勤奖,年底双薪,周末双休,创业公司,弹性工作,节日福利"
"每年多次调薪,五险一金,全勤奖,年底双薪,周末双休,创业公司,弹性工作,节日福利"
"五险一金,带薪年假,节日福利,绩效奖金"
"五险一金,绩效奖金,全勤奖,通讯补助"
"节日福利,五险一金,绩效奖金,通讯补助,带薪年假,补充医疗保险,定期体检,员工旅游"
"每年多次调薪,绩效奖金,全勤奖,包住,餐补,员工旅游,节日福利"
"五险一金,加班补助,节日福利,员工旅游,周末双休"
"五险一金,绩效奖金,交通补助,餐补,通讯补助,弹性工作,补充医疗保险,定期体检"
"五险一金,定期体检,交通补助,通讯补助,采暖补贴,餐补,绩效奖金"
"五险一金,绩效奖金,带薪年假,全勤奖"
"创业公司,每年多次调薪,周末双休,绩效奖金,全勤奖,带薪年假,节日福利"
"五险一金,绩效奖金,交通补助,餐补,通讯补助,弹性工作,补充医疗保险,定期体检"
"五险一金,年底双薪,包住,餐补,带薪年假,员工旅游,节日福利,绩效奖金"
"五险一金,补充医疗保险,高温补贴,绩效奖金,通讯补助"
"五险一金,绩效奖金,交通补助,餐补,弹性工作,补充医疗保险,定期体检,高温补贴"
"定期体检,节日福利,全勤奖,每年多次调薪,年底双薪,带薪年假,员工旅游"
"周末双休,五险一金,餐补,交通补助,每年多次调薪,健身俱乐部,弹性工作,节日福利"
"周末双休,五险一金,餐补,补充医疗保险"
"五险一金,绩效奖金,餐补,定期体检,节日福利"
"五险一金,周末双休,定期体检,节日福利,员工旅游"
"五险一金,餐补,带薪年假,节日福利,周末双休"
"五险一金,绩效奖金,加班补助,交通补助,通讯补助,带薪年假,员工旅游,节日福利"
"五险一金,年终分红,餐补,采暖补贴"
"五险一金,交通补助,餐补,带薪年假,员工旅游,定期体检"
"创业公司,全勤奖,弹性工作,绩效奖金,年终分红,带薪年假,餐补,股票期权"
"五险一金,周末双休,员工旅游,项目奖金,公司重点项目,定期团建"

"五险一金,周末双休,加班补助,节日福利,项目奖金"
"弹性工作,节日福利,大牛带队,周末双休,定期团建,每年多次调薪,带薪年假"
"五险一金,绩效奖金,股票期权"
"周末双休,五险一金,绩效奖金,带薪年假,节日福利"
"五险一金,年底双薪,绩效奖金,节日福利,带薪年假"
"节日福利,周末双休,全勤奖,通讯补助,加班补助,绩效奖金"
"五险一金,年底双薪,绩效奖金,带薪年假,节日福利"
"弹性工作,大牛带队,定期团建,每年多次调薪,五险一金"
"创业公司,周末双休,餐补,股票期权,节日福利,入职五险,带薪年假,五险一金"
"五险一金,交通补助,通讯补助,节日福利"
"五险一金,绩效奖金,年终分红"
"五险一金,绩效奖金,交通补助,餐补,通讯补助,弹性工作,补充医疗保险,定期体检"
"五险一金,带薪年假,采暖补贴,通讯补助,包吃,交通补助,定期体检,绩效奖金"
"五险一金,年底双薪,绩效奖金,年终分红,带薪年假,定期体检,员工旅游,节日福利"
"五险一金,餐补,节日福利"
"五险一金,绩效奖金,节日福利,全勤奖,每年多次调薪,定期团建,公司重点项目,加班补助"
"节日福利,五险一金,绩效奖金,带薪年假,定期体检,员工旅游"
"创业公司,节日福利,不加班,加班补助,带薪年假,弹性工作"
"周末双休,加班补助,绩效奖金,通讯补助,全勤奖,带薪年假"
"周末双休,五险一金,年底双薪,交通补助,定期体检,员工旅游,节日福利,带薪年假"
"五险一金,绩效奖金,带薪年假,节日福利,年底双薪,周末双休"
"五险一金,绩效奖金,餐补"
"五险一金,周末双休,节日福利,员工旅游"
"五险一金,绩效奖金,节日福利,带薪年假,周末双休,股票期权,年底双薪,餐补"
"创业公司,绩效奖金,周末双休,五险一金,加班补助"
"周末双休,全勤奖,通讯补助,交通补助,加班补助,绩效奖金"
"五险一金,绩效奖金,包住,交通补助,通讯补助,定期体检,员工旅游,节日福利"
"五险一金,绩效奖金,餐补,交通补助"
"五险,包吃,包住,股份分红"
"五险一金,餐补"
"五险一金,年底双薪,餐补,交通补助,带薪年假,通讯补助,周末双休,公司重点项目"
"五险一金,年底双薪,带薪年假,定期体检,每年多次调薪,餐补"
"五险一金,加班补助,餐补,带薪年假,节日福利,股票期权,绩效奖金"
"加班补助,包住,交通补助,房补,住房补贴,无试用期,周末双休,定期团建"
"五险一金,周末双休,定期体检,节日福利,员工旅游"
"创业公司,周末双休,绩效奖金,全勤奖,带薪年假,节日福利,带团队"
"五险一金,餐补,补充医疗保险,节日福利,周末双休,健身俱乐部"
"五险一金,绩效奖金,加班补助,餐补,带薪年假,节日福利,创业公司,大牛带队"
"五险一金,包住,弹性工作,全勤奖,不加班,节日福利,定期团建,带薪年假"
"五险一金,年底双薪,加班补助,餐补,带薪年假,定期体检,员工旅游,节日福利"
"五险一金,带薪年假,节日福利,绩效奖金,不加班"
"每年多次调薪,全勤奖,员工旅游,节日福利,股票期权,餐补,五险一金,绩效奖金"
"五险一金,交通补助,绩效奖金,节日福利,弹性工作"
"节日福利,五险一金,绩效奖金,交通补助,餐补,通讯补助,带薪年假,定期体检"
"每年多次调薪,五险一金,年底双薪,绩效奖金,股票期权,带薪年假,定期体检,周末双休"
"五险一金,年底双薪,加班补助,带薪年假,弹性工作,定期体检,绩效奖金,年终分红"
"五险一金,绩效奖金,交通补助,餐补,通讯补助,带薪年假,定期体检,节日福利"
"五险一金,绩效奖金,交通补助,餐补,通讯补助,带薪年假,补充医疗保险,定期体检"
弹性工作
"五险一金,年底双薪,加班补助,包住,带薪年假"
"五险一金,绩效奖金,节日福利,全勤奖,每年多次调薪,定期团建,公司重点项目,加班补助"
"五险一金,年底双薪,加班补助,全勤奖,房补,带薪年假,员工旅游"
"五险一金,绩效奖金,加班补助,交通补助,通讯补助,弹性工作,每年多次调薪"
"五险一金,年底双薪,绩效奖金,加班补助,包住,带薪年假"
"14薪,住房补贴,每年多次调薪,周末双休,五险一金,年底双薪,包住,房补"
"五险一金,绩效奖金,加班补助,全勤奖,交通补助,带薪年假,弹性工作,节日福利"
"五险一金,周末双休,交通补助,餐补,通讯补助,节日福利,弹性工作,定期体检"
"全勤奖,不加班,员工旅游,节日福利,每年多次调薪,周末双休,绩效奖金"
"五险一金,节日福利,绩效奖金,周末双休,不加班,包吃,定期团建"
"五险一金,年底双薪,加班补助,全勤奖,包住,带薪年假"
"绩效奖金,项目奖金,社保"
"定期体检,节日福利,五险一金,通讯补助,绩效奖金,加班补助"
"五险一金,包住,弹性工作,全勤奖,不加班,节日福利,定期团建,带薪年假"
"创业公司,五险一金,周末双休,弹性工作,补充医疗保险,节日福利"
"绩效奖金,包吃,包住,弹性工作,创业公司,五险一金,加班补助,全勤奖"
"五险一金,绩效奖金,全勤奖,弹性工作,交通补助,补充医疗保险,节日福利"
"五险一金,绩效奖金,股票期权,带薪年假,节日福利,餐补,加班补助"
"每年多次调薪,五险一金,绩效奖金,年终分红,全勤奖,带薪年假,员工旅游,节日福利"
"五险一金,节日福利,员工旅游,采暖补贴,周末双休,餐补,全勤奖,绩效奖金"
"五险一金,包住,弹性工作,全勤奖,不加班,节日福利,定期团建,带薪年假"
"五险一金,年底双薪,加班补助,全勤奖,房补,带薪年假,员工旅游"
"14薪,住房补贴,每年多次调薪,周末双休,五险一金,年底双薪,包住,房补"
"每年多次调薪,五险一金,年底双薪,绩效奖金,股票期权,带薪年假,定期体检,周末双休"
"五险一金,年底双薪,加班补助,全勤奖,房补,带薪年假,员工旅游"
